Entity,Year,Population
Aruba,1995,77050
Africa Eastern and Southern,1995,353466601
Afghanistan,1995,16418912
Africa Western and Central,1995,235861484
Angola,1995,13912253
Albania,1995,3187784
Andorra,1995,62928
Arab World,1995,255803349
United Arab Emirates,1995,2433988
Argentina,1995,34946110
Armenia,1995,3322782
American Samoa,1995,53401
Antigua and Barbuda,1995,68398
Australia,1995,18004882
Austria,1995,7948278
Azerbaijan,1995,7684850
Burundi,1995,5932783
Belgium,1995,10136811
Benin,1995,6046511
Burkina Faso,1995,10353263
Bangladesh,1995,117793338
Bulgaria,1995,8406067
Bahrain,1995,612934
"Bahamas, The",1995,299554
Bosnia and Herzegovina,1995,3750527
Belarus,1995,10193831
Belize,1995,203556
Bermuda,1995,59746
Bolivia,1995,7841471
Brazil,1995,163515328
Barbados,1995,262303
Brunei Darussalam,1995,299097
Bhutan,1995,527536
Botswana,1995,1543634
Central African Republic,1995,3276706
Canada,1995,29302311
Central Europe and the Baltics,1995,109864246
Switzerland,1995,7040687
Channel Islands,1995,142559
Chile,1995,14416796
China,1995,1204855000
Cote d'Ivoire,1995,14299727
Cameroon,1995,13211647
"Congo, Dem. Rep.",1995,43285791
"Congo, Rep.",1995,2742309
Colombia,1995,35970101
Comoros,1995,483760
Cabo Verde,1995,411382
Costa Rica,1995,3572856
Caribbean small states,1995,6319517
Cuba,1995,10926703
Curacao,1995,145139
Cayman Islands,1995,32802
Cyprus,1995,862418
Czechia,1995,10327253
Germany,1995,81678051
Djibouti,1995,629619
Dominica,1995,69201
Denmark,1995,5233373
Dominican Republic,1995,7869753
Algeria,1995,28478022
East Asia & Pacific (excluding high income),1995,1716380775
Early-demographic dividend,1995,2267616622
East Asia & Pacific,1995,1940892820
Europe & Central Asia (excluding high income),1995,368905312
Europe & Central Asia,1995,856511549
Ecuador,1995,11561683
"Egypt, Arab Rep.",1995,64166908
Euro area,1995,317190243
Eritrea,1995,2157220
Spain,1995,39724050
Estonia,1995,1436634
Ethiopia,1995,57476536
European Union,1995,426212138
Fragile and conflict affected situations,1995,548331145
Finland,1995,5107790
Fiji,1995,792246
France,1995,59543659
Faroe Islands,1995,43805
"Micronesia, Fed. Sts.",1995,110328
Gabon,1995,1121964
United Kingdom,1995,58019030
Georgia,1995,4657722
Ghana,1995,17438874
Gibraltar,1995,27412
Guinea,1995,7468347
"Gambia, The",1995,1242155
Guinea-Bissau,1995,1117222
Equatorial Guinea,1995,560740
Greece,1995,10562153
Grenada,1995,104060
Greenland,1995,55800
Guatemala,1995,10286786
Guam,1995,150094
Guyana,1995,751689
High income,1995,1066496376
"Hong Kong SAR, China",1995,6156100
Honduras,1995,5812832
Heavily indebted poor countries (HIPC),1995,413913354
Croatia,1995,4620030
Haiti,1995,7627316
Hungary,1995,10328965
IBRD only,1995,3745623892
IDA & IBRD total,1995,4712210002
IDA total,1995,966586110
IDA blend,1995,324995506
Indonesia,1995,198140162
IDA only,1995,641590604
Isle of Man,1995,71454
India,1995,964279129
Not classified,1995,
Ireland,1995,3608841
"Iran, Islamic Rep.",1995,60794809
Iraq,1995,20948858
Iceland,1995,267468
Israel,1995,5545000
Italy,1995,56844303
Jamaica,1995,2509372
Jordan,1995,4458195
Japan,1995,125472000
Kazakhstan,1995,15816243
Kenya,1995,26878347
Kyrgyz Republic,1995,4560400
Cambodia,1995,10919528
Kiribati,1995,81481
St. Kitts and Nevis,1995,42550
South Korea,1995,45092991
Kuwait,1995,1655222
Latin America & Caribbean (excluding high income),1995,433762497
Lao PDR,1995,4927432
Lebanon,1995,3959640
Liberia,1995,2142422
Libya,1995,4733063
St. Lucia,1995,152348
Latin America & Caribbean,1995,482331291
Least developed countries: UN classification,1995,585613280
Low income,1995,349333486
Liechtenstein,1995,30890
Sri Lanka,1995,18242917
Lower middle income,1995,2236944577
Low & middle income,1995,4638198171
Lesotho,1995,1934079
Late-demographic dividend,1995,1956396680
Lithuania,1995,3629102
Luxembourg,1995,408625
Latvia,1995,2485056
"Macao SAR, China",1995,396641
St. Martin (French part),1995,29435
Morocco,1995,26599048
Monaco,1995,31482
Moldova,1995,2953200
Madagascar,1995,13869138
Maldives,1995,258208
Middle East & North Africa,1995,289154944
Mexico,1995,89969572
Marshall Islands,1995,50702
Middle income,1995,4288864685
North Macedonia,1995,1983964
Mali,1995,9921094
Malta,1995,377419
Myanmar,1995,42880186
Middle East & North Africa (excluding high income),1995,256953719
Montenegro,1995,611712
Mongolia,1995,2330334
Northern Mariana Islands,1995,48717
Mozambique,1995,15594830
Mauritania,1995,2380341
Mauritius,1995,1122457
Malawi,1995,10112816
Malaysia,1995,20136888
North America,1995,295640057
Namibia,1995,1605370
New Caledonia,1995,193816
Niger,1995,9813918
Nigeria,1995,108187610
Nicaragua,1995,4721929
Netherlands,1995,15459006
Norway,1995,4359184
Nepal,1995,22305571
Nauru,1995,10316
New Zealand,1995,3673400
OECD members,1995,1155551702
Oman,1995,2172672
Other small states,1995,19547007
Pakistan,1995,133117476
Panama,1995,2716067
Peru,1995,24449055
Philippines,1995,69250468
Palau,1995,17209
Papua New Guinea,1995,4616439
Poland,1995,38594998
Pre-demographic dividend,1995,483031809
Puerto Rico,1995,3683103
North Korea,1995,22385536
Portugal,1995,10026176
Paraguay,1995,4603917
West Bank and Gaza,1995,2474666
Pacific island small states,1995,1892547
Post-demographic dividend,1995,995212216
French Polynesia,1995,231446
Qatar,1995,515133
Romania,1995,22684270
Russia,1995,148375787
Rwanda,1995,5686897
South Asia,1995,1272943087
Saudi Arabia,1995,18888857
Sudan,1995,23290602
Senegal,1995,8632681
Singapore,1995,3524506
Solomon Islands,1995,375189
Sierra Leone,1995,4324149
El Salvador,1995,5748195
San Marino,1995,24886
Somalia,1995,7210930
Serbia,1995,7625357
Sub-Saharan Africa (excluding high income),1995,589252781
South Sudan,1995,5302042
Sub-Saharan Africa,1995,589328085
Small states,1995,27759071
Sao Tome and Principe,1995,133077
Suriname,1995,434490
Slovak Republic,1995,5361999
Slovenia,1995,1989872
Sweden,1995,8826939
Eswatini,1995,953573
Sint Maarten (Dutch part),1995,31596
Seychelles,1995,75304
Syrian Arab Republic,1995,14313450
Turks and Caicos Islands,1995,15101
Chad,1995,6888856
East Asia & Pacific (IDA & IBRD countries),1995,1693952154
Europe & Central Asia (IDA & IBRD countries),1995,434804610
Togo,1995,4279566
Thailand,1995,59424834
Tajikistan,1995,5916173
Turkmenistan,1995,4226623
Latin America & the Caribbean (IDA & IBRD countries),1995,466703013
Timor-Leste,1995,819226
Middle East & North Africa (IDA & IBRD countries),1995,254479053
Tonga,1995,99977
South Asia (IDA & IBRD),1995,1272943087
Sub-Saharan Africa (IDA & IBRD countries),1995,589328085
Trinidad and Tobago,1995,1307822
Tunisia,1995,9294102
Turkiye,1995,59305490
Tuvalu,1995,9585
Tanzania,1995,30560071
Uganda,1995,20680831
Ukraine,1995,51512800
Upper middle income,1995,2051920108
Uruguay,1995,3208300
United States,1995,266278000
Uzbekistan,1995,22785000
St. Vincent and the Grenadines,1995,114174
"Venezuela, RB",1995,22107286
British Virgin Islands,1995,17674
Virgin Islands (U.S.),1995,107818
Vietnam,1995,73759110
Vanuatu,1995,170612
World,1995,5726801833
Samoa,1995,174902
Kosovo,1995,2029000
"Yemen, Rep.",1995,16103339
South Africa,1995,43986084
Zambia,1995,8684135
Zimbabwe,1995,10994041
Aruba,2000,89101
Africa Eastern and Southern,2000,401600588
Afghanistan,2000,19542982
Africa Western and Central,2000,269611898
Angola,2000,16394062
Albania,2000,3089027
Andorra,2000,66097
Arab World,2000,287065982
United Arab Emirates,2000,3275333
Argentina,2000,37070774
Armenia,2000,3168523
American Samoa,2000,58230
Antigua and Barbuda,2000,75055
Australia,2000,19028802
Austria,2000,8011566
Azerbaijan,2000,8048600
Burundi,2000,6307659
Belgium,2000,10251250
Benin,2000,6998023
Burkina Faso,2000,11882888
Bangladesh,2000,129193327
Bulgaria,2000,8170172
Bahrain,2000,711442
"Bahamas, The",2000,325014
Bosnia and Herzegovina,2000,4179350
Belarus,2000,9979610
Belize,2000,240406
Bermuda,2000,61833
Bolivia,2000,8592656
Brazil,2000,175873720
Barbados,2000,264657
Brunei Darussalam,2000,333926
Bhutan,2000,587207
Botswana,2000,1726985
Central African Republic,2000,3759170
Canada,2000,30685730
Central Europe and the Baltics,2000,108447824
Switzerland,2000,7184250
Channel Islands,2000,145306
Chile,2000,15351799
China,2000,1262645000
Cote d'Ivoire,2000,16799670
Cameroon,2000,15091594
"Congo, Dem. Rep.",2000,48616317
"Congo, Rep.",2000,3134030
Colombia,2000,39215135
Comoros,2000,536758
Cabo Verde,2000,458251
Costa Rica,2000,3979193
Caribbean small states,2000,6582141
Cuba,2000,11105791
Curacao,2000,133860
Cayman Islands,2000,39658
Cyprus,2000,948237
Czechia,2000,10255063
Germany,2000,82211508
Djibouti,2000,742033
Dominica,2000,68346
Denmark,2000,5339616
Dominican Republic,2000,8540791
Algeria,2000,30774621
East Asia & Pacific (excluding high income),2000,1817064785
Early-demographic dividend,2000,2499206970
East Asia & Pacific,2000,2048148696
Europe & Central Asia (excluding high income),2000,370646199
Europe & Central Asia,2000,862786211
Ecuador,2000,12626507
"Egypt, Arab Rep.",2000,71371371
Euro area,2000,321324622
Eritrea,2000,2392880
Spain,2000,40567864
Estonia,2000,1396985
Ethiopia,2000,67031867
European Union,2000,429342455
Fragile and conflict affected situations,2000,612395529
Finland,2000,5176209
Fiji,2000,832509
France,2000,60921384
Faroe Islands,2000,45660
"Micronesia, Fed. Sts.",2000,111709
Gabon,2000,1272935
United Kingdom,2000,58892514
Georgia,2000,4077131
Ghana,2000,19665502
Gibraltar,2000,27741
Guinea,2000,8336967
"Gambia, The",2000,1437539
Guinea-Bissau,2000,1230849
Equatorial Guinea,2000,684977
Greece,2000,10805808
Grenada,2000,107432
Greenland,2000,56200
Guatemala,2000,11589761
Guam,2000,160188
Guyana,2000,759051
High income,2000,1101322358
"Hong Kong SAR, China",2000,6665000
Honduras,2000,6656725
Heavily indebted poor countries (HIPC),2000,475127894
Croatia,2000,4468302
Haiti,2000,8360225
Hungary,2000,10210971
IBRD only,2000,3999140171
IDA & IBRD total,2000,5093906989
IDA total,2000,1094766818
IDA blend,2000,370910722
Indonesia,2000,214072421
IDA only,2000,723856096
Isle of Man,2000,75562
India,2000,1059633675
Not classified,2000,
Ireland,2000,3805174
"Iran, Islamic Rep.",2000,65544383
Iraq,2000,24628858
Iceland,2000,281205
Israel,2000,6289000
Italy,2000,56942108
Jamaica,2000,2612205
Jordan,2000,5056174
Japan,2000,126843000
Kazakhstan,2000,14883626
Kenya,2000,30851606
Kyrgyz Republic,2000,4898400
Cambodia,2000,12118841
Kiribati,2000,88826
St. Kitts and Nevis,2000,45461
South Korea,2000,47008111
Kuwait,2000,1934901
Latin America & Caribbean (excluding high income),2000,468884433
Lao PDR,2000,5430853
Lebanon,2000,4320642
Liberia,2000,2895224
Libya,2000,5154790
St. Lucia,2000,159500
Latin America & Caribbean,2000,521281149
Least developed countries: UN classification,2000,662018171
Low income,2000,400821583
Liechtenstein,2000,33026
Sri Lanka,2000,18777606
Lower middle income,2000,2459549814
Low & middle income,2000,5018572610
Lesotho,2000,1998630
Late-demographic dividend,2000,2046027286
Lithuania,2000,3499536
Luxembourg,2000,436300
Latvia,2000,2367550
"Macao SAR, China",2000,431896
St. Martin (French part),2000,29610
Morocco,2000,28554415
Monaco,2000,32465
Moldova,2000,2924668
Madagascar,2000,16216431
Maldives,2000,282507
Middle East & North Africa,2000,321037453
Mexico,2000,97873442
Marshall Islands,2000,54224
Middle income,2000,4617751027
North Macedonia,2000,2026350
Mali,2000,11239101
Malta,2000,390087
Myanmar,2000,45538332
Middle East & North Africa (excluding high income),2000,283899110
Montenegro,2000,604950
Mongolia,2000,2450979
Northern Mariana Islands,2000,80338
Mozambique,2000,17768505
Mauritania,2000,2695003
Mauritius,2000,1186873
Malawi,2000,11229387
Malaysia,2000,22945150
North America,2000,312909974
Namibia,2000,1819141
New Caledonia,2000,213230
Niger,2000,11622665
Nigeria,2000,122851984
Nicaragua,2000,5123222
Netherlands,2000,15925513
Norway,2000,4490967
Nepal,2000,24559500
Nauru,2000,10377
New Zealand,2000,3857700
OECD members,2000,1200179492
Oman,2000,2344253
Other small states,2000,21437978
Pakistan,2000,154369924
Panama,2000,3001731
Peru,2000,26654439
Philippines,2000,77958223
Palau,2000,19726
Papua New Guinea,2000,5508297
Poland,2000,38258629
Pre-demographic dividend,2000,553089230
Puerto Rico,2000,3810605
North Korea,2000,23367059
Portugal,2000,10289898
Paraguay,2000,5123819
West Bank and Gaza,2000,2922153
Pacific island small states,2000,2035672
Post-demographic dividend,2000,1020793420
French Polynesia,2000,250927
Qatar,2000,645937
Romania,2000,22442971
Russia,2000,146596869
Rwanda,2000,8109989
South Asia,2000,1406946728
Saudi Arabia,2000,21547390
Sudan,2000,26298773
Senegal,2000,9704287
Singapore,2000,4027887
Solomon Islands,2000,429978
Sierra Leone,2000,4584067
El Salvador,2000,5958482
San Marino,2000,26823
Somalia,2000,8721465
Serbia,2000,7516346
Sub-Saharan Africa (excluding high income),2000,671131355
South Sudan,2000,6114440
Sub-Saharan Africa,2000,671212486
Small states,2000,30055791
Sao Tome and Principe,2000,143714
Suriname,2000,478998
Slovak Republic,2000,5388720
Slovenia,2000,1988925
Sweden,2000,8872109
Eswatini,2000,1030496
Sint Maarten (Dutch part),2000,30519
Seychelles,2000,81131
Syrian Arab Republic,2000,16307654
Turks and Caicos Islands,2000,18744
Chad,2000,8259137
East Asia & Pacific (IDA & IBRD countries),2000,1793649873
Europe & Central Asia (IDA & IBRD countries),2000,435816101
Togo,2000,5008035
Thailand,2000,63066603
Tajikistan,2000,6272998
Turkmenistan,2000,4569132
Latin America & the Caribbean (IDA & IBRD countries),2000,505304844
Timor-Leste,2000,878360
Middle East & North Africa (IDA & IBRD countries),2000,280976957
Tonga,2000,102603
South Asia (IDA & IBRD),2000,1406946728
Sub-Saharan Africa (IDA & IBRD countries),2000,671212486
Trinidad and Tobago,2000,1332203
Tunisia,2000,9893316
Turkiye,2000,64113547
Tuvalu,2000,9638
Tanzania,2000,34463704
Uganda,2000,24020697
Ukraine,2000,49176500
Upper middle income,2000,2158201213
Uruguay,2000,3292224
United States,2000,282162411
Uzbekistan,2000,24650400
St. Vincent and the Grenadines,2000,113813
"Venezuela, RB",2000,24427729
British Virgin Islands,2000,20104
Virgin Islands (U.S.),2000,108642
Vietnam,2000,79001142
Vanuatu,2000,192074
World,2000,6144322697
Samoa,2000,184008
Kosovo,2000,1700000
"Yemen, Rep.",2000,18628700
South Africa,2000,46813266
Zambia,2000,9891136
Zimbabwe,2000,11834676
Aruba,2020,106585
Africa Eastern and Southern,2020,685112705
Afghanistan,2020,38972230
Africa Western and Central,2020,466189102
Angola,2020,33428486
Albania,2020,2837849
Andorra,2020,77700
Arab World,2020,449228296
United Arab Emirates,2020,9287289
Argentina,2020,45376763
Armenia,2020,2805608
American Samoa,2020,46189
Antigua and Barbuda,2020,92664
Australia,2020,25655289
Austria,2020,8916864
Azerbaijan,2020,10093121
Burundi,2020,12220227
Belgium,2020,11538604
Benin,2020,12643123
Burkina Faso,2020,21522626
Bangladesh,2020,167420951
Bulgaria,2020,6934015
Bahrain,2020,1477469
"Bahamas, The",2020,406471
Bosnia and Herzegovina,2020,3318407
Belarus,2020,9379952
Belize,2020,394921
Bermuda,2020,63893
Bolivia,2020,11936162
Brazil,2020,213196304
Barbados,2020,280693
Brunei Darussalam,2020,441725
Bhutan,2020,772506
Botswana,2020,2546402
Central African Republic,2020,5343020
Canada,2020,38037204
Central Europe and the Baltics,2020,102180124
Switzerland,2020,8638167
Channel Islands,2020,171113
Chile,2020,19300315
China,2020,1411100000
Cote d'Ivoire,2020,26811790
Cameroon,2020,26491087
"Congo, Dem. Rep.",2020,92853164
"Congo, Rep.",2020,5702174
Colombia,2020,50930662
Comoros,2020,806166
Cabo Verde,2020,582640
Costa Rica,2020,5123105
Caribbean small states,2020,7444768
Cuba,2020,11300698
Curacao,2020,154947
Cayman Islands,2020,67311
Cyprus,2020,1237537
Czechia,2020,10697858
Germany,2020,83160871
Djibouti,2020,1090156
Dominica,2020,71995
Denmark,2020,5831404
Dominican Republic,2020,10999664
Algeria,2020,43451666
East Asia & Pacific (excluding high income),2020,2116424876
Early-demographic dividend,2020,3375134276
East Asia & Pacific,2020,2363940425
Europe & Central Asia (excluding high income),2020,400811771
Europe & Central Asia,2020,923103879
Ecuador,2020,17588595
"Egypt, Arab Rep.",2020,107465134
Euro area,2020,342913447
Eritrea,2020,3555868
Spain,2020,47365655
Estonia,2020,1329522
Ethiopia,2020,117190911
European Union,2020,447692315
Fragile and conflict affected situations,2020,979418527
Finland,2020,5529543
Fiji,2020,920422
France,2020,67571107
Faroe Islands,2020,52415
"Micronesia, Fed. Sts.",2020,112106
Gabon,2020,2292573
United Kingdom,2020,67081000
Georgia,2020,3722716
Ghana,2020,32180401
Gibraltar,2020,32709
Guinea,2020,13205153
"Gambia, The",2020,2573995
Guinea-Bissau,2020,2015828
Equatorial Guinea,2020,1596049
Greece,2020,10698599
Grenada,2020,123663
Greenland,2020,56367
Guatemala,2020,16858333
Guam,2020,169231
Guyana,2020,797202
High income,2020,1240900955
"Hong Kong SAR, China",2020,7481000
Honduras,2020,10121763
Heavily indebted poor countries (HIPC),2020,838066650
Croatia,2020,4047680
Haiti,2020,11306801
Hungary,2020,9750149
IBRD only,2020,4889761166
IDA & IBRD total,2020,6628067973
IDA total,2020,1738306807
IDA blend,2020,582637127
Indonesia,2020,271857970
IDA only,2020,1155669680
Isle of Man,2020,84046
India,2020,1396387127
Not classified,2020,
Ireland,2020,4985382
"Iran, Islamic Rep.",2020,87290193
Iraq,2020,42556984
Iceland,2020,366463
Israel,2020,9215100
Italy,2020,59438851
Jamaica,2020,2820436
Jordan,2020,10928721
Japan,2020,126261000
Kazakhstan,2020,18755666
Kenya,2020,51985780
Kyrgyz Republic,2020,6579900
Cambodia,2020,16396860
Kiribati,2020,126463
St. Kitts and Nevis,2020,47642
South Korea,2020,51836239
Kuwait,2020,4360444
Latin America & Caribbean (excluding high income),2020,588808380
Lao PDR,2020,7319399
Lebanon,2020,5662923
Liberia,2020,5087584
Libya,2020,6653942
St. Lucia,2020,179237
Latin America & Caribbean,2020,650534967
Least developed countries: UN classification,2020,1073743450
Low income,2020,699186538
Liechtenstein,2020,38756
Sri Lanka,2020,21919000
Lower middle income,2020,3357118135
Low & middle income,2020,6551590116
Lesotho,2020,2254100
Late-demographic dividend,2020,2317277311
Lithuania,2020,2794885
Luxembourg,2020,630419
Latvia,2020,1900449
"Macao SAR, China",2020,676283
St. Martin (French part),2020,32553
Morocco,2020,36688772
Monaco,2020,36922
Moldova,2020,2635130
Madagascar,2020,28225177
Maldives,2020,514438
Middle East & North Africa,2020,479966649
Mexico,2020,125998302
Marshall Islands,2020,43413
Middle income,2020,5852403578
North Macedonia,2020,2072531
Mali,2020,21224040
Malta,2020,515332
Myanmar,2020,53423198
Middle East & North Africa (excluding high income),2020,411810124
Montenegro,2020,621306
Mongolia,2020,3294335
Northern Mariana Islands,2020,49587
Mozambique,2020,31178239
Mauritania,2020,4498604
Mauritius,2020,1265740
Malawi,2020,19377061
Malaysia,2020,33199993
North America,2020,369602177
Namibia,2020,2489098
New Caledonia,2020,271130
Niger,2020,24333639
Nigeria,2020,208327405
Nicaragua,2020,6755895
Netherlands,2020,17441500
Norway,2020,5379475
Nepal,2020,29348627
Nauru,2020,12315
New Zealand,2020,5090200
OECD members,2020,1370241530
Oman,2020,4543399
Other small states,2020,32381190
Pakistan,2020,227196741
Panama,2020,4294396
Peru,2020,33304756
Philippines,2020,112190977
Palau,2020,17972
Papua New Guinea,2020,9749640
Poland,2020,37899070
Pre-demographic dividend,2020,984213438
Puerto Rico,2020,3281538
North Korea,2020,25867467
Portugal,2020,10297081
Paraguay,2020,6618695
West Bank and Gaza,2020,4803269
Pacific island small states,2020,2566819
Post-demographic dividend,2020,1117443485
French Polynesia,2020,301920
Qatar,2020,2760385
Romania,2020,19265250
Russia,2020,144073139
Rwanda,2020,13146362
South Asia,2020,1882531620
Saudi Arabia,2020,35997107
Sudan,2020,44440486
Senegal,2020,16436120
Singapore,2020,5685807
Solomon Islands,2020,691191
Sierra Leone,2020,8233970
El Salvador,2020,6292731
San Marino,2020,34007
Somalia,2020,16537016
Serbia,2020,6899126
Sub-Saharan Africa (excluding high income),2020,1151203345
South Sudan,2020,10606227
Sub-Saharan Africa,2020,1151301807
Small states,2020,42392777
Sao Tome and Principe,2020,218641
Suriname,2020,607065
Slovak Republic,2020,5458827
Slovenia,2020,2102419
Sweden,2020,10353442
Eswatini,2020,1180655
Sint Maarten (Dutch part),2020,42310
Seychelles,2020,98462
Syrian Arab Republic,2020,20772595
Turks and Caicos Islands,2020,44276
Chad,2020,16644701
East Asia & Pacific (IDA & IBRD countries),2020,2090523535
Europe & Central Asia (IDA & IBRD countries),2020,462023771
Togo,2020,8442580
Thailand,2020,71475664
Tajikistan,2020,9543207
Turkmenistan,2020,6250438
Latin America & the Caribbean (IDA & IBRD countries),2020,634680385
Timor-Leste,2020,1299995
Middle East & North Africa (IDA & IBRD countries),2020,407006855
Tonga,2020,105254
South Asia (IDA & IBRD),2020,1882531620
Sub-Saharan Africa (IDA & IBRD countries),2020,1151301807
Trinidad and Tobago,2020,1518147
Tunisia,2020,12161723
Turkiye,2020,84135428
Tuvalu,2020,11069
Tanzania,2020,61704518
Uganda,2020,44404611
Ukraine,2020,44132049
Upper middle income,2020,2495285443
Uruguay,2020,3429086
United States,2020,331501080
Uzbekistan,2020,34232050
St. Vincent and the Grenadines,2020,104632
"Venezuela, RB",2020,28490453
British Virgin Islands,2020,30910
Virgin Islands (U.S.),2020,106290
Vietnam,2020,96648685
Vanuatu,2020,311685
World,2020,7820981524
Samoa,2020,214929
Kosovo,2020,1790133
"Yemen, Rep.",2020,32284046
South Africa,2020,58801927
Zambia,2020,18927715
Zimbabwe,2020,15669666
Aruba,2005,94483
Africa Eastern and Southern,2005,457153837
Afghanistan,2005,24411191
Africa Western and Central,2005,309824829
Angola,2005,19450959
Albania,2005,3011487
Andorra,2005,79826
Arab World,2005,320558754
United Arab Emirates,2005,4280993
Argentina,2005,39070501
Armenia,2005,3047246
American Samoa,2005,57254
Antigua and Barbuda,2005,79869
Australia,2005,20176844
Austria,2005,8227829
Azerbaijan,2005,8391850
Burundi,2005,7388874
Belgium,2005,10478617
Benin,2005,8149419
Burkina Faso,2005,13876127
Bangladesh,2005,140912590
Bulgaria,2005,7658972
Bahrain,2005,901921
"Bahamas, The",2005,347804
Bosnia and Herzegovina,2005,4094297
Belarus,2005,9663915
Belize,2005,280375
Bermuda,2005,64154
Bolivia,2005,9377388
Brazil,2005,186797334
Barbados,2005,269477
Brunei Darussalam,2005,366717
Bhutan,2005,663323
Botswana,2005,1892807
Central African Republic,2005,4208834
Canada,2005,32243753
Central Europe and the Baltics,2005,106041911
Switzerland,2005,7437115
Channel Islands,2005,150763
Chile,2005,16175311
China,2005,1303720000
Cote d'Ivoire,2005,18970215
Cameroon,2005,17275171
"Congo, Dem. Rep.",2005,56550247
"Congo, Rep.",2005,3672839
Colombia,2005,42220940
Comoros,2005,592683
Cabo Verde,2005,492827
Costa Rica,2005,4315887
Caribbean small states,2005,6802474
Cuba,2005,11246114
Curacao,2005,137658
Cayman Islands,2005,46727
Cyprus,2005,1037062
Czechia,2005,10211216
Germany,2005,82469422
Djibouti,2005,830861
Dominica,2005,68674
Denmark,2005,5419432
Dominican Republic,2005,9164768
Algeria,2005,32956690
East Asia & Pacific (excluding high income),2005,1896845515
Early-demographic dividend,2005,2725013738
East Asia & Pacific,2005,2132517760
Europe & Central Asia (excluding high income),2005,372077135
Europe & Central Asia,2005,872913705
Ecuador,2005,13770012
"Egypt, Arab Rep.",2005,79075310
Euro area,2005,329398861
Eritrea,2005,2831732
Spain,2005,43653155
Estonia,2005,1354775
Ethiopia,2005,77469940
European Union,2005,435600393
Fragile and conflict affected situations,2005,690141498
Finland,2005,5246096
Fiji,2005,874923
France,2005,63188395
Faroe Islands,2005,48291
"Micronesia, Fed. Sts.",2005,110940
Gabon,2005,1458353
United Kingdom,2005,60401206
Georgia,2005,3902469
Ghana,2005,22496951
Gibraltar,2005,29155
Guinea,2005,9140114
"Gambia, The",2005,1660368
Guinea-Bissau,2005,1379713
Equatorial Guinea,2005,864726
Greece,2005,10987314
Grenada,2005,110254
Greenland,2005,56935
Guatemala,2005,12948292
Guam,2005,164430
Guyana,2005,759709
High income,2005,1136164408
"Hong Kong SAR, China",2005,6813200
Honduras,2005,7564613
Heavily indebted poor countries (HIPC),2005,547936900
Croatia,2005,4310145
Haiti,2005,9111900
Hungary,2005,10087065
IBRD only,2005,4228483560
IDA & IBRD total,2005,5465865380
IDA total,2005,1237381820
IDA blend,2005,419337831
Indonesia,2005,228805144
IDA only,2005,818043989
Isle of Man,2005,79415
India,2005,1154638713
Ireland,2005,4159914
"Iran, Islamic Rep.",2005,70182594
Iraq,2005,28698684
Iceland,2005,296734
Israel,2005,6930100
Italy,2005,57969484
Jamaica,2005,2676863
Jordan,2005,5678534
Japan,2005,127773000
Kazakhstan,2005,15147029
Kenya,2005,35843010
Kyrgyz Republic,2005,5162600
Cambodia,2005,13246583
Kiribati,2005,98164
St. Kitts and Nevis,2005,46725
South Korea,2005,48184561
Kuwait,2005,2235403
Latin America & Caribbean (excluding high income),2005,500836315
Lao PDR,2005,5852970
Lebanon,2005,4643044
Liberia,2005,3266318
Libya,2005,5837986
St. Lucia,2005,165386
Latin America & Caribbean,2005,556739532
Least developed countries: UN classification,2005,749852827
Low income,2005,462591596
Liechtenstein,2005,34603
Sri Lanka,2005,19544988
Lower middle income,2005,2683610483
Low & middle income,2005,5389738377
Lesotho,2005,1977424
Late-demographic dividend,2005,2114766197
Lithuania,2005,3322528
Luxembourg,2005,465158
Latvia,2005,2238799
"Macao SAR, China",2005,488619
St. Martin (French part),2005,33452
Morocco,2005,30431902
Monaco,2005,32141
Moldova,2005,2888985
Madagascar,2005,18792171
Maldives,2005,307018
Middle East & North Africa,2005,354462370
Mexico,2005,105442402
Marshall Islands,2005,54337
Middle income,2005,4927146781
North Macedonia,2005,2036855
Mali,2005,13180551
Malta,2005,403834
Myanmar,2005,47724471
Middle East & North Africa (excluding high income),2005,311948573
Montenegro,2005,614261
Mongolia,2005,2559255
Northern Mariana Islands,2005,69025
Mozambique,2005,20211114
Mauritania,2005,3012360
Mauritius,2005,1228254
Malawi,2005,12755648
Malaysia,2005,25923536
North America,2005,327824506
Namibia,2005,1962865
New Caledonia,2005,232250
Niger,2005,13855221
Nigeria,2005,140490722
Nicaragua,2005,5454678
Netherlands,2005,16319868
Norway,2005,4623291
Nepal,2005,26285110
Nauru,2005,10318
New Zealand,2005,4133900
OECD members,2005,1245447053
Oman,2005,2515192
Other small states,2005,23450481
Pakistan,2005,174372098
Panama,2005,3305868
Peru,2005,28147267
Philippines,2005,86261250
Palau,2005,19831
Papua New Guinea,2005,6498818
Poland,2005,38165445
Pre-demographic dividend,2005,640493810
Puerto Rico,2005,3821362
North Korea,2005,24100982
Portugal,2005,10503330
Paraguay,2005,5476878
West Bank and Gaza,2005,3320396
Pacific island small states,2005,2172802
Post-demographic dividend,2005,1046468599
French Polynesia,2005,271060
Qatar,2005,848710
Romania,2005,21319685
Russia,2005,143518814
Rwanda,2005,9026299
South Asia,2005,1541135031
Saudi Arabia,2005,24397644
Sudan,2005,29540577
Senegal,2005,10974057
Singapore,2005,4265762
Solomon Islands,2005,482486
Sierra Leone,2005,5683334
El Salvador,2005,6037817
San Marino,2005,29508
Somalia,2005,10467292
Serbia,2005,7440769
Sub-Saharan Africa (excluding high income),2005,766895808
South Sudan,2005,7662654
Sub-Saharan Africa,2005,766978666
Small states,2005,32425757
Sao Tome and Principe,2005,161680
Suriname,2005,516220
Slovak Republic,2005,5372807
Slovenia,2005,2000474
Sweden,2005,9029572
Eswatini,2005,1071886
Sint Maarten (Dutch part),2005,33011
Seychelles,2005,82858
Syrian Arab Republic,2005,18583557
Turks and Caicos Islands,2005,23995
Chad,2005,10005012
East Asia & Pacific (IDA & IBRD countries),2005,1872697597
Europe & Central Asia (IDA & IBRD countries),2005,435872410
Togo,2005,5711597
Thailand,2005,65821360
Tajikistan,2005,6929145
Turkmenistan,2005,4885775
Latin America & the Caribbean (IDA & IBRD countries),2005,540553499
Timor-Leste,2005,969313
Middle East & North Africa (IDA & IBRD countries),2005,308628177
Tonga,2005,105633
South Asia (IDA & IBRD),2005,1541135031
Sub-Saharan Africa (IDA & IBRD countries),2005,766978666
Trinidad and Tobago,2005,1369075
Tunisia,2005,10388344
Turkiye,2005,68704715
Tuvalu,2005,9912
Tanzania,2005,39439505
Uganda,2005,27946588
Ukraine,2005,47105171
Upper middle income,2005,2243536298
Uruguay,2005,3317665
United States,2005,295516599
Uzbekistan,2005,26167000
St. Vincent and the Grenadines,2005,112043
"Venezuela, RB",2005,26668785
British Virgin Islands,2005,23497
Virgin Islands (U.S.),2005,108453
Vietnam,2005,83142095
Vanuatu,2005,217632
World,2005,6552571570
Samoa,2005,188626
Kosovo,2005,1705780
"Yemen, Rep.",2005,21320671
South Africa,2005,49017147
Zambia,2005,11564870
Zimbabwe,2005,12224753
Aruba,2010,100341
Africa Eastern and Southern,2010,523459657
Afghanistan,2010,28189672
Africa Western and Central,2010,356337762
Angola,2010,23364185
Albania,2010,2913021
Andorra,2010,71519
Arab World,2010,364427661
United Arab Emirates,2010,8481771
Argentina,2010,40788453
Armenia,2010,2946293
American Samoa,2010,54849
Antigua and Barbuda,2010,85695
Australia,2010,22031750
Austria,2010,8363404
Azerbaijan,2010,9054332
Burundi,2010,9126605
Belgium,2010,10895586
Benin,2010,9445710
Burkina Faso,2010,16116845
Bangladesh,2010,148391139
Bulgaria,2010,7395599
Bahrain,2010,1213645
"Bahamas, The",2010,373272
Bosnia and Herzegovina,2010,3811088
Belarus,2010,9483836
Belize,2010,322106
Bermuda,2010,65124
Bolivia,2010,10223270
Brazil,2010,196353492
Barbados,2010,274711
Brunei Darussalam,2010,396053
Bhutan,2010,705516
Botswana,2010,2091664
Central African Republic,2010,4660067
Canada,2010,34004889
Central Europe and the Baltics,2010,104421447
Switzerland,2010,7824909
Channel Islands,2010,156933
Chile,2010,17004162
China,2010,1337705000
Cote d'Ivoire,2010,21120042
Cameroon,2010,19878036
"Congo, Dem. Rep.",2010,66391257
"Congo, Rep.",2010,4437884
Colombia,2010,44816108
Comoros,2010,656024
Cabo Verde,2010,521212
Costa Rica,2010,4622252
Caribbean small states,2010,7004428
Cuba,2010,11290417
Curacao,2010,148703
Cayman Islands,2010,54074
Cyprus,2010,1129686
Czechia,2010,10474410
Germany,2010,81776930
Djibouti,2010,919199
Dominica,2010,68755
Denmark,2010,5547683
Dominican Republic,2010,9775755
Algeria,2010,35856344
East Asia & Pacific (excluding high income),2010,1969241762
Early-demographic dividend,2010,2946338808
East Asia & Pacific,2010,2210203758
Europe & Central Asia (excluding high income),2010,379132241
Europe & Central Asia,2010,889222824
Ecuador,2010,14989585
"Egypt, Arab Rep.",2010,87252413
Euro area,2010,336171621
Eritrea,2010,3147727
Spain,2010,46576897
Estonia,2010,1331475
Ethiopia,2010,89237791
European Union,2010,441552554
Fragile and conflict affected situations,2010,778427274
Finland,2010,5363352
Fiji,2010,905169
France,2010,65030575
Faroe Islands,2010,48410
"Micronesia, Fed. Sts.",2010,107588
Gabon,2010,1711105
United Kingdom,2010,62766365
Georgia,2010,3786695
Ghana,2010,25574719
Gibraltar,2010,31262
Guinea,2010,10270728
"Gambia, The",2010,1937275
Guinea-Bissau,2010,1567220
Equatorial Guinea,2010,1094524
Greece,2010,11121341
Grenada,2010,114039
Greenland,2010,56905
Guatemala,2010,14259687
Guam,2010,164905
Guyana,2010,747932
High income,2010,1179656335
"Hong Kong SAR, China",2010,7024200
Honduras,2010,8450933
Heavily indebted poor countries (HIPC),2010,630953183
Croatia,2010,4295427
Haiti,2010,9842880
Hungary,2010,10000023
IBRD only,2010,4446099709
IDA & IBRD total,2010,5838366631
IDA total,2010,1392266922
IDA blend,2010,473204510
Indonesia,2010,244016173
IDA only,2010,919062412
Isle of Man,2010,83828
India,2010,1240613620
Not classified,2010,
Ireland,2010,4560155
"Iran, Islamic Rep.",2010,75373855
Iraq,2010,31264875
Iceland,2010,318041
Israel,2010,7623600
Italy,2010,59277417
Jamaica,2010,2733896
Jordan,2010,6931258
Japan,2010,128070000
Kazakhstan,2010,16321872
Kenya,2010,41517895
Kyrgyz Republic,2010,5447900
Cambodia,2010,14363532
Kiribati,2010,107995
St. Kitts and Nevis,2010,47403
South Korea,2010,49554112
Kuwait,2010,2943356
Latin America & Caribbean (excluding high income),2010,529726237
Lao PDR,2010,6323418
Lebanon,2010,4995800
Liberia,2010,4019956
Libya,2010,6491988
St. Lucia,2010,170935
Latin America & Caribbean,2010,588873862
Least developed countries: UN classification,2010,843512714
Low income,2010,534960135
Liechtenstein,2010,35926
Sri Lanka,2010,20261738
Lower middle income,2010,2904506894
Low & middle income,2010,5761260544
Lesotho,2010,2022747
Late-demographic dividend,2010,2182361368
Lithuania,2010,3097282
Luxembourg,2010,506953
Latvia,2010,2097555
"Macao SAR, China",2010,557297
St. Martin (French part),2010,36458
Morocco,2010,32464865
Monaco,2010,33178
Moldova,2010,2862354
Madagascar,2010,21731053
Maldives,2010,361575
Middle East & North Africa,2010,397997557
Mexico,2010,112532401
Marshall Islands,2010,53416
Middle income,2010,5226300409
North Macedonia,2010,2055004
Mali,2010,15529181
Malta,2010,414508
Myanmar,2010,49390988
Middle East & North Africa (excluding high income),2010,343313330
Montenegro,2010,619428
Mongolia,2010,2702520
Northern Mariana Islands,2010,54087
Mozambique,2010,23073723
Mauritania,2010,3419461
Mauritius,2010,1250400
Malawi,2010,14718422
Malaysia,2010,28717731
North America,2010,343397156
Namibia,2010,2099271
New Caledonia,2010,249750
Niger,2010,16647543
Nigeria,2010,160952853
Nicaragua,2010,5855734
Netherlands,2010,16615394
Norway,2010,4889252
Nepal,2010,27161567
Nauru,2010,10241
New Zealand,2010,4350700
OECD members,2010,1291001492
Oman,2010,2881914
Other small states,2010,26565994
Pakistan,2010,194454498
Panama,2010,3623617
Peru,2010,29229572
Philippines,2010,94636700
Palau,2010,18540
Papua New Guinea,2010,7583269
Poland,2010,38042794
Pre-demographic dividend,2010,739525992
Puerto Rico,2010,3721525
North Korea,2010,24686435
Portugal,2010,10573100
Paraguay,2010,5768613
West Bank and Gaza,2010,3786161
Pacific island small states,2010,2301401
Post-demographic dividend,2010,1075046427
French Polynesia,2010,283788
Qatar,2010,1713504
Romania,2010,20246871
Russia,2010,142849468
Rwanda,2010,10309031
South Asia,2010,1660139325
Saudi Arabia,2010,29411929
Sudan,2010,33739933
Senegal,2010,12530121
Singapore,2010,5076732
Solomon Islands,2010,540394
Sierra Leone,2010,6436698
El Salvador,2010,6114034
San Marino,2010,31608
Somalia,2010,12026649
Serbia,2010,7291436
Sub-Saharan Africa (excluding high income),2010,879707649
South Sudan,2010,9714419
Sub-Saharan Africa,2010,879797419
Small states,2010,35871823
Sao Tome and Principe,2010,182138
Suriname,2010,546080
Slovak Republic,2010,5391428
Slovenia,2010,2048583
Sweden,2010,9378126
Eswatini,2010,1099920
Sint Maarten (Dutch part),2010,34056
Seychelles,2010,89770
Syrian Arab Republic,2010,22337563
Turks and Caicos Islands,2010,29726
Chad,2010,11894727
East Asia & Pacific (IDA & IBRD countries),2010,1944510719
Europe & Central Asia (IDA & IBRD countries),2010,441717333
Togo,2010,6571855
Thailand,2010,68270489
Tajikistan,2010,7621779
Turkmenistan,2010,5267970
Latin America & the Caribbean (IDA & IBRD countries),2010,572674666
Timor-Leste,2010,1088486
Middle East & North Africa (IDA & IBRD countries),2010,339527169
Tonga,2010,107383
South Asia (IDA & IBRD),2010,1660139325
Sub-Saharan Africa (IDA & IBRD countries),2010,879797419
Trinidad and Tobago,2010,1410296
Tunisia,2010,10895063
Turkiye,2010,73195345
Tuvalu,2010,10550
Tanzania,2010,45110527
Uganda,2010,32341728
Ukraine,2010,45870741
Upper middle income,2010,2321793515
Uruguay,2010,3352651
United States,2010,309327143
Uzbekistan,2010,28562400
St. Vincent and the Grenadines,2010,109308
"Venezuela, RB",2010,28715022
British Virgin Islands,2010,27556
Virgin Islands (U.S.),2010,108357
Vietnam,2010,87411012
Vanuatu,2010,245453
World,2010,6969631901
Samoa,2010,194672
Kosovo,2010,1775680
"Yemen, Rep.",2010,24743946
South Africa,2010,51784921
Zambia,2010,13792086
Zimbabwe,2010,12839771
Aruba,2015,104257
Africa Eastern and Southern,2015,600008150
Afghanistan,2015,33753499
Africa Western and Central,2015,408690375
Angola,2015,28127721
Albania,2015,2880703
Andorra,2015,71746
Arab World,2015,406501999
United Arab Emirates,2015,8916899
Argentina,2015,43131966
Armenia,2015,2878595
American Samoa,2015,51368
Antigua and Barbuda,2015,89941
Australia,2015,23815995
Austria,2015,8642699
Azerbaijan,2015,9649341
Burundi,2015,10727148
Belgium,2015,11274196
Benin,2015,10932783
Burkina Faso,2015,18718019
Bangladesh,2015,157830000
Bulgaria,2015,7177991
Bahrain,2015,1362142
"Bahamas, The",2015,392697
Bosnia and Herzegovina,2015,3524324
Belarus,2015,9461076
Belize,2015,359871
Bermuda,2015,65237
Bolivia,2015,11090085
Brazil,2015,205188205
Barbados,2015,278083
Brunei Darussalam,2015,421437
Bhutan,2015,743274
Botswana,2015,2305171
Central African Republic,2015,4819333
Canada,2015,35702908
Central Europe and the Baltics,2015,103257886
Switzerland,2015,8282396
Channel Islands,2015,162190
Chile,2015,17870124
China,2015,1379860000
Cote d'Ivoire,2015,23596741
Cameroon,2015,23012646
"Congo, Dem. Rep.",2015,78656904
"Congo, Rep.",2015,5064386
Colombia,2015,47119728
Comoros,2015,730216
Cabo Verde,2015,552166
Costa Rica,2015,4895242
Caribbean small states,2015,7224602
Cuba,2015,11339894
Curacao,2015,157980
Cayman Islands,2015,60911
Cyprus,2015,1187280
Czechia,2015,10546059
Germany,2015,81686611
Djibouti,2015,1006259
Dominica,2015,70007
Denmark,2015,5683483
Dominican Republic,2015,10405832
Algeria,2015,39543154
East Asia & Pacific (excluding high income),2015,2049809214
Early-demographic dividend,2015,3166642585
East Asia & Pacific,2015,2294507020
Europe & Central Asia (excluding high income),2015,391695432
Europe & Central Asia,2015,908123143
Ecuador,2015,16195902
"Egypt, Arab Rep.",2015,97723799
Euro area,2015,339514675
Eritrea,2015,3340006
Spain,2015,46444832
Estonia,2015,1315407
Ethiopia,2015,102471895
European Union,2015,444570054
Fragile and conflict affected situations,2015,876118480
Finland,2015,5479531
Fiji,2015,917200
France,2015,66548272
Faroe Islands,2015,48816
"Micronesia, Fed. Sts.",2015,109462
Gabon,2015,2028517
United Kingdom,2015,65116219
Georgia,2015,3725276
Ghana,2015,28870939
Gibraltar,2015,32520
Guinea,2015,11625998
"Gambia, The",2015,2253133
Guinea-Bissau,2015,1788919
Equatorial Guinea,2015,1346973
Greece,2015,10820883
Grenada,2015,118980
Greenland,2015,56114
Guatemala,2015,15567419
Guam,2015,167978
Guyana,2015,755031
High income,2015,1211637779
"Hong Kong SAR, China",2015,7291300
Honduras,2015,9294505
Heavily indebted poor countries (HIPC),2015,727129254
Croatia,2015,4203604
Haiti,2015,10563757
Hungary,2015,9843028
IBRD only,2015,4686050627
IDA & IBRD total,2015,6241291929
IDA total,2015,1555241302
IDA blend,2015,527175885
Indonesia,2015,259091970
IDA only,2015,1028065417
Isle of Man,2015,83593
India,2015,1322866505
Not classified,2015,
Ireland,2015,4701957
"Iran, Islamic Rep.",2015,81790841
Iraq,2015,37757813
Iceland,2015,330815
Israel,2015,8380100
Italy,2015,60730582
Jamaica,2015,2794445
Jordan,2015,9494246
Japan,2015,127141000
Kazakhstan,2015,17542806
Kenya,2015,46851488
Kyrgyz Republic,2015,5956900
Cambodia,2015,15417523
Kiribati,2015,116707
St. Kitts and Nevis,2015,47790
South Korea,2015,51014947
Kuwait,2015,3908743
Latin America & Caribbean (excluding high income),2015,559317823
Lao PDR,2015,6787419
Lebanon,2015,6398940
Liberia,2015,4612329
Libya,2015,6192235
St. Lucia,2015,175623
Latin America & Caribbean,2015,621390109
Least developed countries: UN classification,2015,951928215
Low income,2015,610047256
Liechtenstein,2015,37355
Sri Lanka,2015,20970000
Lower middle income,2015,3134736445
Low & middle income,2015,6162743397
Lesotho,2015,2118521
Late-demographic dividend,2015,2258039271
Lithuania,2015,2904910
Luxembourg,2015,569604
Latvia,2015,1977527
"Macao SAR, China",2015,615239
St. Martin (French part),2015,35020
Morocco,2015,34680458
Monaco,2015,36760
Moldova,2015,2835978
Madagascar,2015,24850912
Maldives,2015,435582
Middle East & North Africa,2015,440506473
Mexico,2015,120149897
Marshall Islands,2015,49410
Middle income,2015,5552696141
North Macedonia,2015,2070226
Mali,2015,18112907
Malta,2015,445053
Myanmar,2015,51483949
Middle East & North Africa (excluding high income),2015,378137339
Montenegro,2015,622159
Mongolia,2015,2964749
Northern Mariana Islands,2015,51514
Mozambique,2015,26843246
Mauritania,2015,3946220
Mauritius,2015,1262605
Malawi,2015,16938942
Malaysia,2015,31068833
North America,2015,356507139
Namibia,2015,2282704
New Caledonia,2015,269460
Niger,2015,20128124
Nigeria,2015,183995785
Nicaragua,2015,6298598
Netherlands,2015,16939923
Norway,2015,5188607
Nepal,2015,27610325
Nauru,2015,11185
New Zealand,2015,4609400
OECD members,2015,1331743060
Oman,2015,4191776
Other small states,2015,29620768
Pakistan,2015,210969298
Panama,2015,3957099
Peru,2015,30711863
Philippines,2015,103031365
Palau,2015,17794
Papua New Guinea,2015,8682174
Poland,2015,37986412
Pre-demographic dividend,2015,856420253
Puerto Rico,2015,3473232
North Korea,2015,25258015
Portugal,2015,10358076
Paraguay,2015,6177950
West Bank and Gaza,2015,4270092
Pacific island small states,2015,2431426
Post-demographic dividend,2015,1097061415
French Polynesia,2015,291787
Qatar,2015,2414573
Romania,2015,19815616
Russia,2015,144096870
Rwanda,2015,11642959
South Asia,2015,1775178483
Saudi Arabia,2015,32749848
Sudan,2015,38171178
Senegal,2015,14356181
Singapore,2015,5535002
Solomon Islands,2015,612660
Sierra Leone,2015,7314773
El Salvador,2015,6231066
San Marino,2015,33570
Somalia,2015,13763906
Serbia,2015,7095383
Sub-Saharan Africa (excluding high income),2015,1008605106
South Sudan,2015,11194299
Sub-Saharan Africa,2015,1008698525
Small states,2015,39276796
Sao Tome and Principe,2015,201124
Suriname,2015,575475
Slovak Republic,2015,5423801
Slovenia,2015,2063531
Sweden,2015,9799186
Eswatini,2015,1133936
Sint Maarten (Dutch part),2015,38825
Seychelles,2015,93419
Syrian Arab Republic,2015,19205178
Turks and Caicos Islands,2015,36538
Chad,2015,14140274
East Asia & Pacific (IDA & IBRD countries),2015,2024511016
Europe & Central Asia (IDA & IBRD countries),2015,453701064
Togo,2015,7473229
Thailand,2015,70294397
Tajikistan,2015,8524063
Turkmenistan,2015,5766431
Latin America & the Caribbean (IDA & IBRD countries),2015,605335594
Timor-Leste,2015,1205813
Middle East & North Africa (IDA & IBRD countries),2015,373867247
Tonga,2015,106122
South Asia (IDA & IBRD),2015,1775178483
Sub-Saharan Africa (IDA & IBRD countries),2015,1008698525
Trinidad and Tobago,2015,1460177
Tunisia,2015,11557779
Turkiye,2015,79646178
Tuvalu,2015,10877
Tanzania,2015,52542823
Uganda,2015,37477356
Ukraine,2015,45154036
Upper middle income,2015,2417959696
Uruguay,2015,3402818
United States,2015,320738994
Uzbekistan,2015,31298900
St. Vincent and the Grenadines,2015,106482
"Venezuela, RB",2015,30529716
British Virgin Islands,2015,29366
Virgin Islands (U.S.),2015,107712
Vietnam,2015,92191398
Vanuatu,2015,276438
World,2015,7404910892
Samoa,2015,203571
Kosovo,2015,1788196
"Yemen, Rep.",2015,28516545
South Africa,2015,55876504
Zambia,2015,16248230
Zimbabwe,2015,14154937
